﻿--
-- Script was generated by Devart dbForge Studio for MySQL, Version 10.0.225.0
-- Product home page: http://www.devart.com/dbforge/mysql/studio
-- Script date 09/06/2024 22:44:00
-- Server version: 10.1.40
--

--
-- Disable foreign keys
--
/*!40014 SET @OLD_FOREIGN_KEY_CHECKS=@@FOREIGN_KEY_CHECKS, FOREIGN_KEY_CHECKS=0 */;

--
-- Set SQL mode
--
/*!40101 SET @OLD_SQL_MODE=@@SQL_MODE, SQL_MODE='NO_AUTO_VALUE_ON_ZERO' */;

--
-- Set character set the client will use to send SQL statements to the server
--
SET NAMES 'utf8';

DROP DATABASE IF EXISTS redvoluntarios_limpiezaplayas;

CREATE DATABASE redvoluntarios_limpiezaplayas
CHARACTER SET utf8mb3
COLLATE utf8mb3_spanish_ci;

--
-- Set default database
--
USE redvoluntarios_limpiezaplayas;

--
-- Create table `recursos_educativos`
--
CREATE TABLE recursos_educativos (
  id int(11) NOT NULL AUTO_INCREMENT,
  titulo varchar(100) NOT NULL,
  descripcion varchar(255) NOT NULL,
  enlace_recurso varchar(100) DEFAULT NULL,
  PRIMARY KEY (id)
)
ENGINE = INNODB,
AUTO_INCREMENT = 31,
AVG_ROW_LENGTH = 1638,
CHARACTER SET utf8mb3,
COLLATE utf8mb3_spanish_ci,
ROW_FORMAT = COMPACT;

--
-- Create table `playas`
--
CREATE TABLE playas (
  id int(11) NOT NULL AUTO_INCREMENT,
  nombre varchar(50) NOT NULL,
  ubicacion varchar(50) NOT NULL,
  historial_limpieza varchar(255) NOT NULL,
  PRIMARY KEY (id)
)
ENGINE = INNODB,
AUTO_INCREMENT = 26,
AVG_ROW_LENGTH = 1638,
CHARACTER SET utf8mb3,
COLLATE utf8mb3_spanish_ci,
ROW_FORMAT = COMPACT;

--
-- Create table `usuarios`
--
CREATE TABLE usuarios (
  id int(11) NOT NULL AUTO_INCREMENT,
  ubicacion varchar(50) DEFAULT NULL,
  nombre varchar(50) NOT NULL,
  apellidos varchar(100) NOT NULL,
  password varchar(255) NOT NULL,
  correo varchar(50) NOT NULL,
  rol varchar(50) NOT NULL DEFAULT 'usuario',
  foto varchar(255) DEFAULT NULL,
  PRIMARY KEY (id)
)
ENGINE = INNODB,
AUTO_INCREMENT = 35,
AVG_ROW_LENGTH = 1024,
CHARACTER SET utf8mb3,
COLLATE utf8mb3_spanish_ci,
ROW_FORMAT = COMPACT;

--
-- Create index `correo` on table `usuarios`
--
ALTER TABLE usuarios
ADD UNIQUE INDEX correo (correo);

--
-- Create table `usuarios_recursos`
--
CREATE TABLE usuarios_recursos (
  id int(11) NOT NULL AUTO_INCREMENT,
  usuario_id int(11) DEFAULT NULL,
  recurso_educativo_id int(11) DEFAULT NULL,
  PRIMARY KEY (id)
)
ENGINE = INNODB,
AUTO_INCREMENT = 36,
AVG_ROW_LENGTH = 963,
CHARACTER SET utf8mb3,
COLLATE utf8mb3_spanish_ci,
ROW_FORMAT = COMPACT;

--
-- Create foreign key
--
ALTER TABLE usuarios_recursos
ADD CONSTRAINT fk_recurso_educativo_id FOREIGN KEY (recurso_educativo_id)
REFERENCES recursos_educativos (id);

--
-- Create foreign key
--
ALTER TABLE usuarios_recursos
ADD CONSTRAINT fk_usuario_id FOREIGN KEY (usuario_id)
REFERENCES usuarios (id);

--
-- Create foreign key
--
ALTER TABLE usuarios_recursos
ADD CONSTRAINT usuarios_recursos_ibfk_1 FOREIGN KEY (usuario_id)
REFERENCES usuarios (id);

--
-- Create foreign key
--
ALTER TABLE usuarios_recursos
ADD CONSTRAINT usuarios_recursos_ibfk_2 FOREIGN KEY (recurso_educativo_id)
REFERENCES recursos_educativos (id);

--
-- Create table `telefono`
--
CREATE TABLE telefono (
  id int(11) NOT NULL AUTO_INCREMENT,
  usuario_id int(11) NOT NULL,
  telefono varchar(20) DEFAULT NULL,
  PRIMARY KEY (id)
)
ENGINE = INNODB,
AUTO_INCREMENT = 11,
AVG_ROW_LENGTH = 1638,
CHARACTER SET utf8mb3,
COLLATE utf8mb3_spanish_ci,
ROW_FORMAT = COMPACT;

--
-- Create foreign key
--
ALTER TABLE telefono
ADD CONSTRAINT fk_telefono_usuario FOREIGN KEY (usuario_id)
REFERENCES usuarios (id);

--
-- Create table `eventos`
--
CREATE TABLE eventos (
  id int(11) NOT NULL AUTO_INCREMENT,
  fecha_evento_creado date DEFAULT NULL,
  fecha_evento date DEFAULT NULL,
  hora_evento time DEFAULT NULL,
  descripcion varchar(255) DEFAULT NULL,
  foto varchar(255) DEFAULT NULL,
  estado_evento enum ('Planificado', 'En curso', 'Concluido') NOT NULL,
  usuario_id int(11) DEFAULT NULL,
  playas_id int(11) DEFAULT NULL,
  PRIMARY KEY (id)
)
ENGINE = INNODB,
AUTO_INCREMENT = 65,
AVG_ROW_LENGTH = 1638,
CHARACTER SET utf8mb3,
COLLATE utf8mb3_spanish_ci,
ROW_FORMAT = COMPACT;

--
-- Create foreign key
--
ALTER TABLE eventos
ADD CONSTRAINT fk_eventos_playa FOREIGN KEY (playas_id)
REFERENCES playas (id);

--
-- Create foreign key
--
ALTER TABLE eventos
ADD CONSTRAINT fk_eventos_usuario FOREIGN KEY (usuario_id)
REFERENCES usuarios (id);

--
-- Create table `donaciones`
--
CREATE TABLE donaciones (
  id int(11) NOT NULL AUTO_INCREMENT,
  usuario_id int(11) DEFAULT NULL,
  nombre varchar(255) DEFAULT NULL,
  apellido varchar(255) DEFAULT NULL,
  correo varchar(255) DEFAULT NULL,
  monto decimal(10, 2) NOT NULL,
  fecha timestamp NOT NULL DEFAULT CURRENT_TIMESTAMP,
  PRIMARY KEY (id)
)
ENGINE = INNODB,
AUTO_INCREMENT = 35,
AVG_ROW_LENGTH = 655,
CHARACTER SET utf8mb3,
COLLATE utf8mb3_spanish_ci,
ROW_FORMAT = COMPACT;

--
-- Create foreign key
--
ALTER TABLE donaciones
ADD CONSTRAINT donaciones_ibfk_1 FOREIGN KEY (usuario_id)
REFERENCES usuarios (id);

--
-- Create table `blog`
--
CREATE TABLE blog (
  id int(11) NOT NULL AUTO_INCREMENT,
  titulo varchar(100) NOT NULL,
  descripcion varchar(255) NOT NULL,
  fecha_creacion datetime DEFAULT NULL,
  categoria enum ('Voluntariado', 'Medio Ambiente', 'Conservación') DEFAULT NULL,
  imagen varchar(255) DEFAULT NULL,
  PRIMARY KEY (id)
)
ENGINE = INNODB,
AUTO_INCREMENT = 5,
AVG_ROW_LENGTH = 4096,
CHARACTER SET utf8mb3,
COLLATE utf8mb3_spanish_ci,
ROW_FORMAT = COMPACT;

--
-- Create table `usuarios_consultan_blogs`
--
CREATE TABLE usuarios_consultan_blogs (
  id int(11) NOT NULL AUTO_INCREMENT,
  usuario_id int(11) NOT NULL,
  blog_id int(11) NOT NULL,
  PRIMARY KEY (id)
)
ENGINE = INNODB,
AUTO_INCREMENT = 21,
AVG_ROW_LENGTH = 1638,
CHARACTER SET utf8mb3,
COLLATE utf8mb3_spanish_ci,
ROW_FORMAT = COMPACT;

--
-- Create foreign key
--
ALTER TABLE usuarios_consultan_blogs
ADD CONSTRAINT usuarios_consultan_blogs_ibfk_1 FOREIGN KEY (usuario_id)
REFERENCES usuarios (id);

--
-- Create foreign key
--
ALTER TABLE usuarios_consultan_blogs
ADD CONSTRAINT usuarios_consultan_blogs_ibfk_2 FOREIGN KEY (blog_id)
REFERENCES blog (id);

--
-- Create table `comentarios`
--
CREATE TABLE comentarios (
  id int(11) NOT NULL AUTO_INCREMENT,
  blog_id int(11) NOT NULL,
  usuario_id int(11) NOT NULL,
  comentario text NOT NULL,
  fecha_comentario datetime NOT NULL,
  PRIMARY KEY (id)
)
ENGINE = INNODB,
AUTO_INCREMENT = 9,
AVG_ROW_LENGTH = 5461,
CHARACTER SET utf8mb3,
COLLATE utf8mb3_spanish_ci,
ROW_FORMAT = COMPACT;

--
-- Create foreign key
--
ALTER TABLE comentarios
ADD CONSTRAINT comentarios_ibfk_1 FOREIGN KEY (blog_id)
REFERENCES blog (id) ON DELETE CASCADE;

--
-- Create foreign key
--
ALTER TABLE comentarios
ADD CONSTRAINT comentarios_ibfk_2 FOREIGN KEY (usuario_id)
REFERENCES usuarios (id) ON DELETE CASCADE;

-- 
-- Dumping data for table recursos_educativos
--
INSERT INTO recursos_educativos VALUES
(11, 'Guía de Recursos de Educación Ambiental 2023 (CENEAM)', 'Recursos y herramientas para la educación.', 'https://www.miteco.gob.es/es/ceneam/default.aspx'),
(12, 'Guía de Herramientas de Educación Ambiental para América Latina y el Caribe', 'Enfoques interdisciplinarios para la educación ambiental en América Latina y el Caribe.', 'https://recursos.educacion.gob.ec'),
(13, 'Criterios Playas Bandera Azul', 'Criterios y estándares para playas con bandera azul, promoviendo la educación y gestión ambiental.', 'https://www.banderaazul.org'),
(14, 'Educación Ambiental en el MITERD', 'Recursos y programas del MITERD para la educación ambiental.', 'https://www.miteco.gob.es'),
(15, 'Red de Educación Ambiental y Sostenibilidad (REAS)', 'Plataforma que agrupa recursos educativos sobre sostenibilidad y medio ambiente.', 'https://www.reasnet.com'),
(16, 'Manual de Educación Ambiental de la Fundación Biodiversidad', 'Manuales y guías sobre educación ambiental en diferentes ecosistemas.', 'https://www.fundacion-biodiversidad.es'),
(17, 'Voluntariado Ambiental en Playas (SEO/BirdLife)', 'Programas de voluntariado para la conservación de playas y especies costeras.', 'https://www.seo.org/voluntariado-ambiental'),
(18, 'Guía de Buenas Prácticas para la Gestión Sostenible de Playas (Ecoembes)', 'Buenas prácticas y gestión sostenible de playas.', 'https://www.ecoembes.com'),
(19, 'Curso de Sostenibilidad Marina (Universidad de Cádiz)', 'Curso online sobre sostenibilidad y conservación marina.', 'https://www.uca.es'),
(20, 'Proyectos Educativos Marinos (Oceana)', 'Programas educativos y proyectos de conservación marina.', 'https://eu.oceana.org'),
(21, 'Educación Ambiental para Niños (WWF España)', 'Recursos educativos y actividades para niños sobre medio ambiente y conservación.', 'https://www.wwf.es'),
(22, 'Plataforma de Recursos para la Educación Ambiental (IUCN)', 'Recursos y materiales educativos sobre medio ambiente y sostenibilidad.', 'https://www.iucn.org'),
(23, 'Programa de Educación Ambiental para la Sostenibilidad (Fundación La Caixa)', 'Programas y recursos educativos para fomentar la sostenibilidad ambiental.', 'https://fundacionlacaixa.org'),
(24, 'Guía de Educación Ambiental en Zonas Costeras (Greenpeace)', 'Guías y materiales educativos sobre la protección de zonas costeras.', 'https://www.greenpeace.org'),
(25, 'Recursos Educativos de Sostenibilidad y Medio Ambiente (UNESCO)', 'Recursos y programas educativos de la UNESCO sobre sostenibilidad y medio ambiente.', 'https://www.unesco.org'),
(26, 'Materiales Educativos sobre Cambio Climático (UNFCCC)', 'Materiales y recursos educativos sobre el cambio climático.', 'https://unfccc.int'),
(27, 'Cursos de Educación Ambiental Online (Coursera)', 'Cursos en línea sobre educación ambiental y sostenibilidad.', 'https://www.coursera.org'),
(28, 'Programas de Voluntariado Ambiental (Earthwatch)', 'Programas de voluntariado para proyectos de investigación y conservación ambiental.', 'https://earthwatch.org'),
(29, 'Guía de Actividades Educativas en la Playa (Surfrider Foundation)', 'Actividades y recursos educativos para la conservación de playas.', 'https://www.surfrider.org'),
(30, 'Herramientas para la Educación en Sostenibilidad (Educación 3.0)', 'Herramientas y recursos educativos para la sostenibilidad ambiental.', 'https://www.educaciontrespuntocero.com');

-- 
-- Dumping data for table playas
--
INSERT INTO playas VALUES
(11, 'Playa de la Concha', 'San Sebastián, País Vasco', ''),
(12, 'Playa de Ses Illetes', 'Formentera, Islas Baleares', ''),
(13, 'Playa de Rodas', 'Islas Cíes, Galicia', ''),
(14, 'Playa de Bolonia', 'Tarifa, Andalucía', ''),
(15, 'Playa de las Catedrales', 'Ribadeo, Galicia', ''),
(16, 'Playa de Cala Macarella', 'Menorca, Islas Baleares', ''),
(17, 'Playa de Zahara\r\n', 'Cádiz, Andalucía', ''),
(18, 'Playa de la Malagueta', 'Málaga, Andalucía', ''),
(19, 'Playa de la Barrosa', 'Chiclana de la Frontera, Andalucía', ''),
(20, 'Playa de Maspalomas', 'Gran Canaria, Islas Canarias', ''),
(21, 'Playa del Inglés', 'Gran Canaria, Islas Canarias', ''),
(22, 'Playa de los Muertos', 'Almería, Andalucía', ''),
(23, 'Playa de Matalascañas', 'Huelva, Andalucía', ''),
(24, 'Playa de las Canteras', 'Las Palmas de Gran Canaria, Islas Canarias', ''),
(25, 'Playa de San Juan', 'Alicante, Comunidad Valenciana', '');

-- 
-- Dumping data for table usuarios
--
INSERT INTO usuarios VALUES
(1, 'Barcelona', 'Laura', 'Martínez', 'sdsdsx2d', 'laura@example.com', 'usuario', '/img/upload-user/photo-default.webp'),
(2, 'Madrid', 'Javier', 'Sánchez', '9985652', 'javier@example.com', 'usuario', '/img/upload-user/photo-default.webp'),
(3, 'Valencia', 'María', 'Rodríguez', '2365859', 'maria@example.com', 'usuario', '/img/upload-user/photo-default.webp'),
(4, 'Sevilla', 'Carlos', 'García', 'sdwq12x', 'carlos@example.com', 'usuario', '/img/upload-user/photo-default.webp'),
(5, 'Bilbao', 'Elena', 'López', '962481z', 'elena@example.com', 'usuario', '/img/upload-user/photo-default.webp'),
(6, 'Málaga', 'Alejandro', 'Pérez', '123456', 'alejandro@example.com', 'usuario', '/img/upload-user/photo-default.webp'),
(7, 'Alicante', 'Sara', 'Fernández', '123456', 'sara@example.com', 'usuario', '/img/upload-user/photo-default.webp'),
(8, 'Granada', 'Daniel', 'Ruiz', 'dsds2xa', 'daniel@example.com', 'usuario', '/img/upload-user/photo-default.webp'),
(9, 'Zaragoza', 'Ana', 'García', '123456', 'ana@example.com', 'usuario', '/img/upload-user/photo-default.webp'),
(10, 'Mallorca', 'Pedro', 'Martínez', '123456', 'pedro@example.com', 'usuario', '/img/upload-user/photo-default.webp'),
(11, 'Cantabria', 'Christopher', 'Quiroz', '123456', 'cquirozmendivel@gmail.com', 'administrador', 'img/upload-user/photo-admin.jpeg'),
(12, 'Barcelona', 'Knight', 'Online', '123456', 'usko353@gmail.com', 'usuario', '/img/upload-user/photo-default.webp'),
(13, 'Santander', 'chris', 'chrisprueba', '123456', 'chrisprueba@gmail.com', 'usuario', '/img/upload-user/photo-default.webp'),
(14, 'Santander', 'Lizeth', 'Granados', '123456', 'lisstw3@gmail.com', 'usuario', 'img/upload-user/photo-g.jpeg'),
(15, 'Santander', 'Chris', 'arámbulo', 'tW3MIRC9*', 'chriscqmceinmark@gmail.com', 'usuario', 'img/upload-user/photo-b.jpeg'),
(16, NULL, 'Daniel', 'Barba', '123456', 'dbarbag@ceinmark.net', 'usuario', '/img/upload-user/photo-default.webp'),
(18, 'Santander', 'Christopher', 'Quiroz', '458163624fx', 'chriscqmceinmark2@gmail.com', 'usuario', 'img/upload-user/photo-b.jpeg'),
(26, NULL, 'yezenia', 'córdova', '123456', 'yezkim@gmail.com', 'usuario', 'img/upload-user/photo-default.webp'),
(27, 'Santander', 'Christopher', 'Quiroz', '123456', 'chricqmprueba@gmail.com', 'usuario', 'img/upload-user/photo-b.jpeg'),
(34, 'Madrid', 'Yesenia', 'Córdova', 'loremimpsum', 'yezcordova@gmail.com', 'administrador', 'img/upload-user/photo-g.jpeg');

-- 
-- Dumping data for table blog
--
INSERT INTO blog VALUES
(1, 'Blog de Ecología Marina', 'Discusión sobre la preservación de los ecosistemas marinos y costeros', '2023-11-11 00:00:00', 'Voluntariado', '/img/uploads/HV87mtLzaDXnHFmdOWHT7Y_plHzQRT36.webp'),
(2, 'Blog de Voluntariado en Madrid', 'Comparte tus experiencias como voluntario en Madrid', '2023-11-12 00:00:00', 'Medio Ambiente', '/img/uploads/YN6IhxFYJyF0R8T6SKTR0fyWe3LO_uiI.webp'),
(3, 'Blog de Medio Ambiente en Valencia', 'Hablemos sobre iniciativas para cuidar el medio ambiente en Valencia', '2023-11-13 00:00:00', 'Conservación', '/img/uploads/p0DcDFrmZ7NVmFdbUSQzdDcA2iXme3wM.webp'),
(4, 'Blog de Sostenibilidad Costera', 'Conversación sobre prácticas sostenibles en las costas', '2023-11-14 00:00:00', 'Voluntariado', '/img/upload-blog/ko6J3uDPyJkmsQTrUxkOUDt3MvBcjhU6.webp');

-- 
-- Dumping data for table usuarios_recursos
--
INSERT INTO usuarios_recursos VALUES
(19, 1, 11),
(20, 2, 12),
(21, 3, 13),
(22, 4, 14),
(23, 5, 15),
(24, 6, 16),
(25, 7, 17),
(26, 8, 18),
(27, 9, 19),
(28, 10, 20),
(29, 11, 21),
(30, 12, 22),
(31, 13, 23),
(32, 14, 24),
(33, 15, 25),
(34, 16, 26),
(35, 18, 28);

-- 
-- Dumping data for table usuarios_consultan_blogs
--
INSERT INTO usuarios_consultan_blogs VALUES
(11, 1, 1),
(12, 2, 2),
(13, 3, 3),
(14, 4, 4),
(15, 5, 1),
(16, 6, 2),
(17, 7, 3),
(18, 8, 4),
(19, 9, 1),
(20, 10, 2);

-- 
-- Dumping data for table telefono
--
INSERT INTO telefono VALUES
(1, 1, '123-456-7890'),
(2, 2, '987-654-3210'),
(3, 3, '555-123-4567'),
(4, 4, '789-012-3456'),
(5, 5, '234-567-8901'),
(6, 6, '012-345-6789'),
(7, 7, '456-789-0123'),
(8, 8, '876-543-2109'),
(9, 9, '321-654-0987'),
(10, 10, '111-222-3333');

-- 
-- Dumping data for table eventos
--
INSERT INTO eventos VALUES
(60, '2024-06-08', '2024-06-12', '11:11:00', 'el contrario del pensamiento popular, el texto de Lorem Ipsum no es simplemente texto aleatorio. Tiene sus raices en una pieza cl´sica de la literatura del Latin, que data del año 45 antes de Cristo, haciendo que este adquiera mas de 2000 años de antigued', 'img/upload-event/playa-concha.jpeg', 'Planificado', 34, 11),
(61, '2024-06-07', '2024-06-20', '15:15:00', 'el contrario del pensamiento popular, el texto de Lorem Ipsum no es simplemente texto aleatorio. Tiene sus raices en una pieza cl´sica de la literatura del Latin, que data del año 45 antes de Cristo, haciendo que este adquiera mas de 2000 años de antigued', 'img/upload-event/playa-zahara-cadiz.jpg', 'Planificado', 34, 17),
(62, '2024-06-07', '2024-06-27', '10:30:00', 'el contrario del pensamiento popular, el texto de Lorem Ipsum no es simplemente texto aleatorio. Tiene sus raices en una pieza cl´sica de la literatura del Latin, que data del año 45 antes de Cristo, haciendo que este adquiera mas de 2000 años de antigued', 'img/upload-event/playa-rodas.jpeg', 'Planificado', 34, 13),
(63, '2024-06-07', '2024-06-30', '09:50:00', 'el contrario del pensamiento popular, el texto de Lorem Ipsum no es simplemente texto aleatorio. Tiene sus raices en una pieza cl´sica de la literatura del Latin, que data del año 45 antes de Cristo, haciendo que este adquiera mas de 2000 años de antigued', 'img/upload-event/playa-bolonia.jpg', 'Planificado', 34, 14),
(64, '2024-06-07', '2024-07-18', '11:15:00', 'el contrario del pensamiento popular, el texto de Lorem Ipsum no es simplemente texto aleatorio. Tiene sus raices en una pieza cl´sica de la literatura del Latin, que data del año 45 antes de Cristo, haciendo que este adquiera mas de 2000 años de antigued', 'img/upload-event/playa-catedrales.jpeg', 'En curso', 34, 14);

-- 
-- Dumping data for table donaciones
--
INSERT INTO donaciones VALUES
(1, NULL, 'chris prueba', 'prueba', 'prueba@prueba.com', 100.00, '2024-05-13 12:37:59'),
(2, NULL, 'chris pruebav2', 'prueba2', 'pru2eba@prueba.com', 50.00, '2024-05-13 12:44:47'),
(3, NULL, '', '', '', 50.00, '2024-05-13 12:51:04'),
(4, NULL, 'chris prueba223', 'prueba232', 'pru3232eba@prueba.com', 100.00, '2024-05-13 12:52:57'),
(5, NULL, '', NULL, '', 20.00, '2024-05-13 13:00:19'),
(6, NULL, '', NULL, '', 20.00, '2024-05-13 13:01:38'),
(7, NULL, '', NULL, '', 10.00, '2024-05-13 13:01:55'),
(8, NULL, '', NULL, '', 10.00, '2024-05-13 13:02:28'),
(9, NULL, 'Chris', NULL, 'chriscqmceinmark@gmail.com', 100.00, '2024-05-13 13:06:20'),
(10, NULL, 'Chris', NULL, 'chriscqmceinmark@gmail.com', 12.00, '2024-05-13 13:09:39'),
(11, NULL, 'Chris', NULL, 'chriscqmceinmark@gmail.com', 20.00, '2024-05-13 13:10:29'),
(12, NULL, 'Chris', NULL, 'chriscqmceinmark@gmail.com', 1111.00, '2024-05-13 13:11:42'),
(13, NULL, 'chris prueba232', NULL, 'prue23232ba@prueba.com', 100.00, '2024-05-13 13:12:48'),
(14, NULL, 'ssddsds', NULL, 'pru322323232eba@prueba.com', 100.00, '2024-05-13 13:13:19'),
(15, NULL, 'chris prueba2323', 'prueba23232', 'pru322322323232eba@prueba.com', 232.00, '2024-05-13 13:16:47'),
(16, NULL, 'chris prueba2v', 'pruebav232', 'pru2eba2v@prueba.com', 43.00, '2024-05-13 13:19:06'),
(17, NULL, 'chris prueba', 'pruebax', 'pruebax@prueba.com', 100.00, '2024-05-13 13:20:25'),
(18, NULL, 'yanerithx', 'yanerithxx', 'pruebaya@prueba.com', 1.00, '2024-05-13 13:24:14'),
(19, NULL, 'yanerithx', 'yanerithxx', 'pru2ebaya@prueba.com', 23.00, '2024-05-13 13:24:27'),
(20, NULL, 'yanerithx', 'yanerithxx', 'prue2323ya2ba@prueba.com', 123.00, '2024-05-13 13:25:44'),
(21, NULL, 'yanerithx', 'yaa durand', 'pru2ebyaa@prueba.com', 100.00, '2024-05-13 13:26:14'),
(22, NULL, 'Lizeth', 'Granados', 'lisstw3@gmail.com', 20.00, '2024-05-13 13:27:38'),
(23, NULL, 'yanerithx2', 'prueba2323223', 'prue2322332ba@prueba.com', 54.00, '2024-05-14 20:23:35'),
(24, NULL, 'yanerithx2', '', 'prue123232ba@prueba.com', 523.00, '2024-05-14 23:54:42'),
(25, NULL, 'Christopher', 'Quiroz4', 'cquirozmendivel@gmail.com', 1234.00, '2024-05-15 19:57:36'),
(26, NULL, 'Chris', 'arámbulooo', 'chriscqmceinmark@gmail.com', 100.00, '2024-06-06 21:16:20'),
(27, NULL, 'Chris', 'arámbulo', 'chriscqmceinmark@gmail.com', 500.00, '2024-06-06 21:20:09'),
(28, NULL, 'Prueba', 'Prueba', 'chrisdsscqm@gmail.com', 100.00, '2024-06-06 21:20:45'),
(29, NULL, 'Pablo', 'Ceinmark', 'pabloceinmark@gmail.com', 100.00, '2024-06-06 21:41:49'),
(30, NULL, 'Pablo', 'C', 'pabloceinmark@gmail.com', 150.00, '2024-06-06 22:07:17'),
(31, NULL, 'Yezzz', 'Córdova', 'yezcordova@gmail.com', 1500.00, '2024-06-06 22:08:58'),
(32, NULL, '', '', '', 100.00, '2024-06-08 13:22:18'),
(33, NULL, 'chris', 'sds', 'chriscqm@gmail.com', 0.00, '2024-06-08 13:42:39'),
(34, NULL, 'csddsx', 'sdsdsdds', 'sdsds@gmail.com', 1.00, '2024-06-08 13:47:08');

-- 
-- Dumping data for table comentarios
--
INSERT INTO comentarios VALUES
(3, 1, 14, 'Buen artículo, interesante x2.', '2024-05-22 18:10:54'),
(4, 1, 27, 'Buen artículo, interesante.', '2024-06-05 21:14:09'),
(5, 4, 34, 'Buen blog, interesante.', '2024-06-05 22:01:48'),
(6, 3, 34, 'Buen blog, interesante.', '2024-06-05 22:02:01'),
(7, 2, 34, 'Buen blog, interesante, espero el siguiente.\r\nUn saludo', '2024-06-05 22:02:19'),
(8, 4, 27, 'A la espera del siguiente blog.', '2024-06-06 20:19:36');

--
-- Restore previous SQL mode
--
/*!40101 SET SQL_MODE=@OLD_SQL_MODE */;

--
-- Enable foreign keys
--
/*!40014 SET FOREIGN_KEY_CHECKS = @OLD_FOREIGN_KEY_CHECKS */;